,Holiday,avg(Efficiency),min(Efficiency),max(Efficiency)
0,0,1.2669929196332586,1.0001841959845275,29.999999999999993
1,1,1.2599346979902533,1.0003664345914254,29.26829268292683
